id,page_id,page_name,page_url,is_active,ad_status,delivery_start_time,delivery_stop_time,creative_body,creative_title,creative_description,creative_link_url,creative_image_url,snapshot_url,impressions_lower,impressions_upper,spend_lower,spend_upper,currency,publisher_platforms,languages,funding_entity,disclaimer,ad_type,collected_at
668125185927077,106379618883185,TréLuxe Hair Care,https://www.facebook.com/discoverTreLuxe/,True,,2025-05-05T07:00:00,2026-07-29T07:00:00,"“This 6-time award-winning M3™ formula is going viral as expert hair stylists, influencers, and editors call it: “Curl Holy Grail,” “Liquid Gold,” “Best wash and go’s ever.”

Selling out on numerous occasions, they’ve never really done any paid marketing.

‘𝐼𝑡’𝑠 𝑝𝑜𝑠𝑠𝑖𝑏𝑙𝑒 𝑤𝑒’𝑣𝑒 𝑟𝑒𝑚𝑎𝑖𝑛𝑒𝑑 𝑠𝑜𝑚𝑒𝑤ℎ𝑎𝑡 𝑜𝑓 𝑎 ℎ𝑖𝑑𝑑𝑒𝑛 𝑔𝑒𝑚 𝑖𝑛 𝑡ℎ𝑒 𝑐𝑢𝑟𝑙𝑦 𝑔𝑖𝑟𝑙 𝑚𝑒𝑡ℎ𝑜𝑑 𝑐𝑜𝑚𝑚𝑢𝑛𝑖𝑡𝑦.’

This revolutionary curly hair routine is tested and proven to effectively and effortlessly leave your curls beautiful, voluminous, and healthy—no matter your curl type.

The restock is in, and they are now running their first-time-ever intro offer for new customers:

https://discovertreluxe.com/products/style-refresh-bundle",First-Time-Ever Intro Offer,"★★★★★ 143,000+ sold",https://discovertreluxe.com/products/the-style-refresh-set,,,,,,,,"FACEBOOK,INSTAGRAM,AUDIENCE_NETWORK,MESSENGER",,,,,2026-07-30T05:23:16.168499+00:00
